{
    "1910": {
        "snapshot_data": [
            {
                "year": 1910,
                "description": "Publishes Principia Mathematica",
                "emotional_tone": "Exhausted",
                "city": "Cambridge",
                "country": "UK",
                "book_title": "Principia Mathematica",
                "person_name": "Alfred North Whitehead",
                "relationship_type": "Collaborator"
            },
            {
                "year": 1910,
                "description": "Publishes Principia Mathematica",
                "emotional_tone": "Exhausted",
                "city": "Cambridge",
                "country": "UK",
                "book_title": "Principia Mathematica",
                "person_name": "Alys Pearsall Smith",
                "relationship_type": "Wife"
            }
        ],
        "war_status": [
            {
                "status": "Peace"
            }
        ]
    },
    "1916": {
        "snapshot_data": [
            {
                "year": 1916,
                "description": "Dismissed from Trinity College",
                "emotional_tone": "Angry",
                "city": "Cambridge",
                "country": "UK",
                "book_title": "Justice in War-time",
                "person_name": "Lady Ottoline Morrell",
                "relationship_type": "Lover"
            },
            {
                "year": 1916,
                "description": "Dismissed from Trinity College",
                "emotional_tone": "Angry",
                "city": "Cambridge",
                "country": "UK",
                "book_title": "Justice in War-time",
                "person_name": "Alys Pearsall Smith",
                "relationship_type": "Wife"
            }
        ],
        "war_status": [
            {
                "status": "WWI"
            }
        ]
    },
    "1920": {
        "snapshot_data": [
            {
                "year": 1920,
                "description": "Meets Vladimir Lenin",
                "emotional_tone": "Disappointed",
                "city": "Moscow",
                "country": "Russia",
                "book_title": "The Practice and Theory of Bolshevism",
                "person_name": "Lady Ottoline Morrell",
                "relationship_type": "Lover"
            },
            {
                "year": 1920,
                "description": "Meets Vladimir Lenin",
                "emotional_tone": "Disappointed",
                "city": "Moscow",
                "country": "Russia",
                "book_title": "The Practice and Theory of Bolshevism",
                "person_name": "Alys Pearsall Smith",
                "relationship_type": "Wife"
            }
        ],
        "war_status": [
            {
                "status": "Peace"
            }
        ]
    },
    "1921": {
        "snapshot_data": [
            {
                "year": 1921,
                "description": "Contracts pneumonia",
                "emotional_tone": "Critical",
                "city": "Beijing",
                "country": "China",
                "book_title": "The Analysis of Mind",
                "person_name": "Dora Black",
                "relationship_type": "Wife"
            },
            {
                "year": 1921,
                "description": "Contracts pneumonia",
                "emotional_tone": "Critical",
                "city": "Beijing",
                "country": "China",
                "book_title": "The Analysis of Mind",
                "person_name": "Lady Ottoline Morrell",
                "relationship_type": "Lover"
            },
            {
                "year": 1921,
                "description": "Contracts pneumonia",
                "emotional_tone": "Critical",
                "city": "Beijing",
                "country": "China",
                "book_title": "The Analysis of Mind",
                "person_name": "Alys Pearsall Smith",
                "relationship_type": "Wife"
            }
        ],
        "war_status": [
            {
                "status": "Peace"
            }
        ]
    },
    "1950": {
        "snapshot_data": [
            {
                "year": 1950,
                "description": "Wins Nobel Prize in Literature",
                "emotional_tone": "Proud",
                "city": "Stockholm",
                "country": "Sweden",
                "book_title": "Unpopular Essays",
                "person_name": "Patricia Spence",
                "relationship_type": "Wife"
            }
        ],
        "war_status": [
            {
                "status": "Peace"
            }
        ]
    },
    "stats": {
        "1910s_mood": [
            {
                "emotional_tone": "Exhausted",
                "count": 1
            }
        ],
        "obsessions": [
            {
                "genre": "Politics",
                "count": 4
            }
        ],
        "total_countries": 6,
        "longest_partner": [
            {
                "name": "Alys Pearsall Smith",
                "duration": 27
            }
        ],
        "first_book": [
            {
                "title": "German Social Democracy",
                "year_published": 1896
            }
        ],
        "avg_love": 16.3333,
        "top_city": [
            {
                "city": "Monmouthshire",
                "visit_count": 1
            }
        ],
        "sad_moments": 3
    }
}